key,first,second,third
wojxbHJmZbe,jfIwXpjnXZs,WaFUnwOj,bMDMz
CeBIQ,VNmJZl,UQpaF,RtgWnkJbbEc
wlNygpOzYGk,LiNHUSyK,psoum,qpSwkZ
kxIxqi,gCGiKfUucn,mAnpkZeFSSO,dSZXfEAjj
YoJXtlo,WLERWsl,mXIFHDTcYlt,FUWHuUK
TEjEwxJH,wDBeefwgW,WKDDLZv,mczGqGj
XLFZNs,KtGGc,wuPyKPgp,nDMBXXi
JcwmN,qxwCXtdfd,wUsRN,hfQvLgFlh
LxGDqqZ,IODqs,fKCmp,HUpTgDMJKx
SQtZs,jKfxpOESxEp,Wnegx,eLvXn
qizNkkVfr,UdLWR,koizixHr,zWQHOGnNc
fZsKaE,SIlfDtYZ,nksNrIkYF,apzcViBkEGF
xKAnRnFoOQ,JnxDKM,yoRDHK,KXXSXcXLF
lJzSrVIB,GXdkIhvBrs,uweIYJQNRf,hdpJPMRR
dsbSh,eGAlHZbF,TjXuXagexq,AFObMJ
VumGeO,bZOnaRXxC,XONqWKnL,SHYGyqruEk
THuAcu,rKbAQQGTlP,idPmoTZNnAm,ctzcYHit
FdtcI,XWJBs,pOQVLFrMQE,qJHHJz
DxRdJWNmd,MHJPk,sTjpqYzN,QJhJhrwMr
BMohi,RHdbQxMms,HkXfxdtxyN,NyZEnxrvQL
WalRyfaDwLi,bVFYQ,NXEKsXdRR,PRlki
MoltrWJWjR,xVZuQmqh,DKAroRs,PIZfzfLz
lCnSVkWvYQH,Wdzglgqts,JVZqXZJSl,VihzT
yciWk,LIPZVIRk,IkgfjmHbYDZ,AaCgMixIj
Oopqv,RCZhsRTej,PYwVAqYMIf,rvJYBHL
drwfmRmo,ReQMZYUmi,EgQtiwKetRW,YjbfE
PuvONTt,ZMiqDmbYZE,lPCfRV,COvFkl
cbCuGXCvcZ,pWUTtagbbDY,gEmpKXw,MgQeLSR
gFlCiIiBVcB,sCDtgfS,WdIyDONG,pSrVjXZrH
WYZFdJ,MyDyKPcFsFq,pSMmpbGH,GEiraZ
faAONvE,JUvuZGD,IsslOpFUMv,mYOGVqKXHl
qkrPudu,mvPQK,JFAWQ,vypQqjoCNy
dEKDGy,bvwWQQOoQp,NMqPbna,lYhnPfJSixN
hkStu,HgwILOPP,kSxttaxzz,avLLrNZnpL
GXPHrgN,cYaiw,WenAW,cxoFTRlMujJ
Zedaoy,FvqlnzBybS,woRGivalD,QCDDdMFOTB
ySedKZkMn,ePCRfWhvD,WFRphOmOKS,BQSvPDi
CSdBVj,doFliFEi,bzvhdbhmyBZ,BHJYMNZYWek
BqmXbT,CxFZSFFijd,QsoSleClYxx,AtnxgwPU
TFETlUXW,hTofjPwq,rHOut,urVRY
